,PLAYER_NAME,GROUP_VALUE,TEAM_ABBREVIATION,GP,W,L,W_PCT,MIN,FGM,FGA,FG_PCT,FG3M,FG3A,FG3_PCT,FTM,FTA,FT_PCT,OREB,DREB,REB,AST,TOV,STL,BLK,BLKA,PF,PFD,PTS,PLUS_MINUS,NBA_FANTASY_PTS,DD2,TD3,GP_RANK,W_RANK,L_RANK,W_PCT_RANK,MIN_RANK,FGM_RANK,FGA_RANK,FG_PCT_RANK,FG3M_RANK,FG3A_RANK,FG3_PCT_RANK,FTM_RANK,FTA_RANK,FT_PCT_RANK,OREB_RANK,DREB_RANK,REB_RANK,AST_RANK,TOV_RANK,STL_RANK,BLK_RANK,BLKA_RANK,PF_RANK,PFD_RANK,PTS_RANK,PLUS_MINUS_RANK,NBA_FANTASY_PTS_RANK,DD2_RANK,TD3_RANK
11,Al Horford,2010-11,ATL,77,41,36,0.532,35.1,6.7,12.0,0.557,0.0,0.1,0.5,1.9,2.4,0.798,2.4,7.0,9.3,3.5,1.5,0.8,1.0,0.5,2.5,2.3,15.3,0.6,35.5,36,0,4,7,2,12,3,4,6,2,11,13,2,5,7,6,4,3,4,6,6,10,12,7,4,6,3,11,3,3,3
9,Jamal Crawford,2010-11,ATL,76,40,36,0.526,30.2,4.8,11.5,0.421,1.6,4.6,0.341,2.9,3.4,0.854,0.3,1.4,1.7,3.2,1.9,0.8,0.2,0.5,1.3,2.2,14.2,0.0,21.9,0,0,9,8,8,10,10,11,13,6,11,11,13,11,11,11,9,13,13,12,10,15,12,8,13,12,13,8,14,8,1
12,Joe Johnson,2010-11,ATL,72,38,34,0.528,35.5,7.1,16.1,0.443,1.2,4.2,0.297,2.7,3.4,0.802,0.8,3.2,4.0,4.7,2.0,0.7,0.1,0.7,1.8,2.8,18.2,1.2,30.3,2,0,11,8,9,13,9,6,6,9,14,11,17,6,6,11,11,9,10,5,7,16,16,5,10,6,7,8,8,9,3
10,Josh Smith,2010-11,ATL,77,43,34,0.558,34.3,6.5,13.5,0.477,0.7,2.0,0.331,3.0,4.1,0.725,1.7,6.8,8.5,3.3,2.6,1.3,1.6,0.6,2.8,3.8,16.5,1.0,37.7,31,1,4,2,7,7,8,4,7,3,5,6,1,6,7,1,11,2,4,6,6,8,10,7,6,7,4,6,6,2,1
11,Marvin Williams,2010-11,ATL,65,34,31,0.523,28.7,3.8,8.3,0.458,0.6,1.7,0.336,2.3,2.7,0.845,1.0,3.8,4.8,1.4,1.0,0.5,0.4,0.5,1.6,2.0,10.4,-0.6,19.9,3,0,11,7,11,6,7,6,7,4,12,12,10,5,5,4,10,12,12,5,5,15,14,7,13,5,6,9,10,8,1
6,Glen Davis,2010-11,BOS,78,54,24,0.692,29.5,4.6,10.3,0.448,0.0,0.2,0.133,2.5,3.4,0.736,1.3,4.2,5.4,1.2,1.1,1.0,0.4,0.8,3.0,3.0,11.7,1.8,23.1,5,0,1,3,4,5,3,3,3,5,4,3,4,1,2,2,7,3,3,3,4,2,3,4,2,2,3,1,3,3,1
7,Kevin Garnett,2010-11,BOS,71,49,22,0.69,31.3,6.1,11.6,0.528,0.0,0.1,0.2,2.6,3.1,0.862,1.2,7.7,8.9,2.4,1.6,1.3,0.8,0.3,2.1,3.0,14.9,7.8,34.0,28,0,11,5,18,4,13,16,16,4,17,19,13,15,15,1,14,9,12,16,14,11,17,16,20,5,15,3,15,11,8
6,Paul Pierce,2010-11,BOS,80,55,25,0.688,34.7,6.3,12.8,0.497,1.4,3.7,0.374,4.8,5.6,0.86,0.4,5.0,5.4,3.3,2.1,1.0,0.6,0.6,2.9,4.4,18.9,7.4,33.0,7,1,5,3,14,3,11,12,14,1,15,15,10,12,13,1,16,10,12,10,15,15,7,15,7,8,12,2,14,8,3
17,Rajon Rondo,2010-11,BOS,68,47,21,0.691,37.2,4.7,9.9,0.475,0.1,0.6,0.233,1.1,1.9,0.568,1.3,3.1,4.4,11.2,3.4,2.3,0.2,0.8,1.8,2.3,10.6,6.5,36.4,31,3,7,4,9,4,2,7,6,6,17,16,17,10,10,14,1,14,11,3,4,2,4,6,15,7,7,2,5,3,4
3,Ray Allen,2010-11,BOS,80,55,25,0.688,36.1,6.0,12.2,0.491,2.1,4.7,0.444,2.4,2.7,0.881,0.6,2.8,3.4,2.7,1.5,1.0,0.2,0.4,1.8,1.9,16.5,5.7,26.8,0,0,5,4,12,4,11,14,14,1,12,14,2,16,16,16,15,13,15,14,17,13,8,16,16,6,14,3,14,12,4
8,Boris Diaw,2010-11,CHA,82,34,48,0.415,33.9,4.6,9.4,0.492,1.0,2.8,0.345,1.0,1.5,0.683,1.3,3.8,5.0,4.1,2.0,0.9,0.6,0.4,2.3,1.7,11.3,-2.9,25.9,5,1,1,10,2,13,4,3,3,9,2,2,7,6,6,13,5,4,5,5,6,1,4,5,7,6,4,14,3,4,2
19,D.J. Augustin,2010-11,CHA,82,34,48,0.415,33.6,4.9,11.7,0.416,1.4,4.1,0.333,3.3,3.6,0.906,0.5,2.3,2.7,6.1,1.9,0.7,0.0,1.0,1.9,2.8,14.4,-3.1,27.0,7,0,1,5,3,11,1,1,1,7,7,3,16,1,2,3,3,1,1,2,5,5,8,1,3,4,2,14,1,1,1
6,Gerald Henderson,2010-11,CHA,68,29,39,0.426,24.4,3.8,8.4,0.454,0.1,0.5,0.194,1.9,2.4,0.785,0.7,2.3,3.0,1.5,0.9,0.7,0.5,0.5,1.7,2.3,9.6,-1.5,18.2,0,0,5,4,5,4,5,5,5,2,7,7,8,5,5,4,3,6,5,6,6,3,2,3,5,5,5,5,5,4,1
6,Gerald Wallace,2010-11,TOT,71,36,35,0.507,37.9,5.4,12.0,0.454,0.9,2.6,0.333,3.9,5.3,0.746,1.6,6.5,8.0,2.4,2.1,1.5,0.9,1.3,2.6,4.5,15.7,1.7,33.9,18,0,1,1,1,1,1,1,1,2,1,1,1,1,1,2,1,1,1,2,1,1,1,1,1,1,1,1,1,1,1
7,Gerald Wallace,2010-11,POR,23,15,8,0.652,35.7,5.8,11.7,0.498,1.2,3.5,0.338,3.0,3.9,0.767,1.7,5.9,7.6,2.5,2.3,2.0,0.7,1.0,2.7,4.2,15.8,5.6,34.4,4,0,15,14,16,3,8,4,6,4,2,2,3,8,9,5,4,4,4,7,4,3,10,9,4,8,5,1,6,9,1
8,Gerald Wallace,2010-11,CHA,48,21,27,0.438,39.0,5.3,12.1,0.433,0.7,2.2,0.33,4.4,5.9,0.739,1.5,6.7,8.2,2.4,2.1,1.2,1.0,1.4,2.5,4.6,15.6,-0.2,33.7,14,0,10,9,9,10,2,7,5,11,4,6,5,4,5,6,7,2,2,9,7,12,4,3,9,6,6,9,7,4,1
5,Stephen Jackson,2010-11,CHA,67,30,37,0.448,35.9,6.5,15.8,0.411,1.8,5.4,0.337,3.7,4.6,0.816,0.8,3.7,4.5,3.6,3.1,1.2,0.4,1.2,2.4,3.4,18.5,-3.8,31.1,3,1,7,6,5,12,6,5,5,10,4,3,7,5,4,6,8,4,5,5,3,11,6,2,8,4,5,17,6,3,1
4,Carlos Boozer,2010-11,CHI,59,47,12,0.797,31.9,7.3,14.3,0.51,0.0,0.0,0.0,2.9,4.1,0.701,2.2,7.4,9.6,2.5,2.5,0.8,0.3,1.5,3.2,3.1,17.5,4.7,33.4,30,0,10,4,13,1,8,4,4,9,2,8,2,7,6,8,10,7,7,6,5,10,8,1,6,5,5,2,7,6,2
14,Derrick Rose,2010-11,CHI,81,62,19,0.765,37.4,8.8,19.7,0.445,1.6,4.8,0.332,5.9,6.9,0.858,1.0,3.1,4.1,7.7,3.4,1.0,0.6,1.6,1.7,4.8,25.0,6.2,43.0,23,1,1,1,7,2,1,1,1,8,2,2,6,1,1,6,3,1,1,2,1,2,2,2,1,1,1,2,1,1,1
13,Kyle Korver,2010-11,CHI,82,62,20,0.756,20.1,3.0,6.8,0.434,1.5,3.5,0.415,0.9,1.1,0.885,0.1,1.7,1.8,1.5,0.7,0.4,0.2,0.1,1.9,0.8,8.3,3.7,14.0,0,0,1,1,10,3,15,15,14,12,16,16,12,9,9,9,17,19,18,11,19,15,12,15,10,15,15,7,16,5,1
10,Luol Deng,2010-11,CHI,82,62,20,0.756,39.1,6.5,14.1,0.46,1.4,4.1,0.345,3.1,4.1,0.753,1.4,4.4,5.8,2.8,1.9,1.0,0.6,0.7,2.0,3.4,17.4,6.4,31.3,8,0,1,1,12,2,2,5,6,8,2,1,6,6,5,11,13,7,10,4,6,8,4,9,3,6,4,2,4,7,1
3,Antawn Jamison,2010-11,CLE,56,9,47,0.161,32.9,6.7,15.6,0.427,1.6,4.7,0.346,3.1,4.2,0.731,1.5,5.2,6.7,1.7,1.4,0.9,0.5,0.5,2.4,3.7,18.0,-6.5,31.5,10,0,12,17,4,17,12,11,12,15,3,2,6,9,10,8,14,9,12,10,13,10,4,15,9,4,11,16,11,11,1
2,Daniel Gibson,2010-11,CLE,67,18,49,0.269,27.8,3.9,9.9,0.4,1.8,4.4,0.403,2.0,2.4,0.822,0.4,2.3,2.6,3.0,1.2,0.7,0.3,0.6,2.3,2.1,11.6,-2.9,21.2,0,0,2,5,1,6,2,1,1,4,2,2,4,1,1,1,4,2,2,1,3,3,2,1,2,1,1,6,1,1,1
9,JJ Hickson,2010-11,CLE,80,19,61,0.238,28.2,5.4,11.7,0.458,0.0,0.1,0.0,3.1,4.6,0.673,2.7,6.0,8.7,1.1,2.2,0.6,0.7,1.4,2.7,3.2,13.8,-6.7,27.6,28,0,2,6,1,10,3,2,1,9,1,3,1,1,1,3,4,3,3,3,1,3,3,1,1,2,2,10,3,2,1
15,Ramon Sessions,2010-11,CLE,81,19,62,0.235,26.3,4.5,9.6,0.466,0.0,0.2,0.2,4.3,5.2,0.823,0.6,2.6,3.1,5.2,2.2,0.7,0.1,0.8,1.1,3.9,13.3,-6.1,25.1,7,0,3,5,2,10,6,3,4,3,14,14,12,3,3,4,5,5,4,4,2,4,5,4,10,3,3,14,4,2,2
8,Dirk Nowitzki,2010-11,DAL,73,55,18,0.753,34.3,8.4,16.2,0.517,0.9,2.3,0.393,5.4,6.1,0.892,0.7,6.3,7.0,2.6,1.9,0.5,0.6,0.4,2.4,4.8,23.0,7.3,37.0,16,0,16,5,20,2,12,7,11,1,18,17,9,10,10,8,16,11,11,9,10,19,15,14,9,7,9,4,11,11,3
9,J.J. Barea,2010-11,DAL,81,56,25,0.691,20.6,3.5,8.0,0.439,0.8,2.3,0.349,1.6,1.9,0.847,0.4,1.6,2.0,3.9,1.7,0.4,0.0,0.5,1.7,2.4,9.5,1.9,17.2,3,0,1,1,9,2,6,7,8,4,9,9,9,2,3,3,3,10,8,7,6,9,11,5,2,3,7,1,7,3,2
2,Jason Kidd,2010-11,DAL,80,56,24,0.7,33.2,2.7,7.5,0.361,1.7,4.9,0.34,0.8,1.0,0.87,0.4,4.0,4.4,8.2,2.2,1.7,0.4,0.2,1.5,1.0,7.9,2.1,29.3,9,2,4,1,13,1,17,17,17,19,4,4,13,17,17,1,18,15,16,17,17,16,8,16,19,7,17,14,17,15,13
7,Jason Terry,2010-11,DAL,82,57,25,0.695,31.3,6.0,13.3,0.451,1.5,4.3,0.362,2.2,2.6,0.85,0.3,1.6,1.9,4.1,2.0,1.1,0.2,0.6,1.7,2.2,15.8,4.0,26.0,1,0,1,3,13,4,11,8,8,6,12,10,15,8,9,8,11,13,13,8,5,10,14,4,11,5,9,4,11,9,2
4,Shawn Marion,2010-11,DAL,80,56,24,0.7,28.2,5.4,10.4,0.52,0.1,0.4,0.152,1.6,2.1,0.768,2.1,4.8,6.9,1.4,1.6,0.9,0.6,0.6,1.8,1.5,12.5,-0.1,25.6,12,0,5,3,10,5,16,11,12,4,17,17,18,12,11,14,14,15,14,16,7,16,15,13,13,7,11,11,15,10,1
11,Tyson Chandler,2010-11,DAL,74,54,20,0.73,27.8,3.6,5.5,0.654,0.0,0.0,0.0,2.9,4.0,0.732,2.8,6.6,9.4,0.4,1.2,0.5,1.1,0.3,3.2,3.5,10.1,4.0,25.5,18,0,6,1,17,1,8,6,9,6,1,10,1,2,3,3,12,7,9,18,16,12,12,10,4,3,5,3,8,8,1
3,Al Harrington,2010-11,DEN,73,45,28,0.616,22.8,3.8,9.2,0.416,1.6,4.5,0.357,1.2,1.6,0.735,1.0,3.5,4.5,1.4,1.5,0.5,0.1,0.6,2.8,1.5,10.5,1.8,18.6,1,0,6,4,8,3,14,13,13,14,6,6,6,14,15,8,14,13,14,11,12,14,14,13,14,9,13,4,13,13,1
9,Arron Afflalo,2010-11,DEN,69,40,29,0.58,33.7,4.5,9.1,0.498,1.5,3.6,0.423,2.0,2.4,0.847,0.7,3.0,3.6,2.4,1.0,0.5,0.4,0.6,2.2,1.7,12.6,2.3,22.4,3,0,6,3,8,5,3,6,6,1,3,5,3,5,5,4,2,5,3,3,7,5,1,8,3,6,6,2,4,1,1
11,Carmelo Anthony,2010-11,TOT,77,43,34,0.558,35.7,8.9,19.5,0.455,1.2,3.3,0.378,6.6,7.9,0.838,1.5,5.8,7.3,2.9,2.7,0.9,0.6,1.4,2.9,5.5,25.6,2.4,40.4,18,0,1,1,1,1,1,1,1,1,1,1,1,1,1,1,1,1,1,1,1,1,1,1,1,1,1,1,1,1,1
12,Carmelo Anthony,2010-11,NYK,27,14,13,0.519,36.2,9.1,19.9,0.461,2.0,4.6,0.424,6.1,7.0,0.872,1.5,5.2,6.7,3.0,2.4,0.9,0.6,0.8,3.3,5.0,26.3,1.2,41.0,6,0,19,18,19,13,8,7,6,4,7,8,1,7,10,2,13,5,7,9,13,10,6,15,1,11,6,11,6,11,3
13,Carmelo Anthony,2010-11,DEN,50,29,21,0.58,35.5,8.7,19.3,0.452,0.8,2.5,0.333,6.9,8.3,0.823,1.5,6.1,7.6,2.8,2.8,0.9,0.6,1.7,2.7,5.7,25.2,3.1,40.1,12,0,16,13,15,7,10,9,8,7,16,16,14,4,4,9,11,3,3,11,7,13,5,1,14,5,8,5,7,4,3
3,Chauncey Billups,2010-11,TOT,72,38,34,0.528,32.1,4.7,11.0,0.427,2.0,5.0,0.402,5.3,5.8,0.916,0.3,2.3,2.6,5.4,2.5,1.0,0.2,0.6,2.0,3.6,16.8,1.7,29.1,2,0,3,2,2,2,2,2,2,1,2,1,2,1,1,1,3,2,2,2,1,3,2,3,3,2,2,2,2,2,1
4,Chauncey Billups,2010-11,NYK,21,10,11,0.476,31.6,5.0,12.3,0.403,2.0,6.0,0.328,5.7,6.3,0.902,0.6,2.5,3.1,5.5,2.3,0.9,0.1,0.7,2.5,4.0,17.5,-0.7,30.2,1,0,16,16,16,16,12,8,5,11,8,2,16,3,3,8,3,9,8,9,5,12,16,8,2,6,4,15,9,10,3
5,Chauncey Billups,2010-11,DEN,51,28,23,0.549,32.3,4.6,10.5,0.438,2.1,4.7,0.441,5.2,5.6,0.923,0.2,2.2,2.5,5.3,2.5,1.0,0.2,0.5,1.8,3.4,16.5,2.6,28.6,1,0,11,11,10,13,10,10,12,3,6,10,1,6,7,2,17,12,15,11,1,10,4,13,15,8,8,10,10,10,3
11,JR Smith,2010-11,DEN,79,49,30,0.62,24.9,4.3,9.9,0.435,1.6,4.0,0.39,2.1,2.8,0.738,0.6,3.5,4.1,2.2,1.3,1.2,0.2,0.4,2.2,2.4,12.3,3.2,23.3,2,0,4,4,5,6,11,9,10,4,12,12,6,3,3,8,4,3,2,8,10,5,8,4,9,3,9,6,7,2,1
10,Nene,2010-11,DEN,75,46,29,0.613,30.5,5.4,8.7,0.615,0.0,0.1,0.2,3.8,5.4,0.711,1.9,5.7,7.6,2.0,1.8,1.1,1.0,0.7,3.2,4.4,14.5,4.3,31.2,14,0,5,4,6,7,4,4,8,2,4,7,2,1,1,3,6,3,3,6,10,7,4,6,6,6,2,3,3,2,1
8,Ty Lawson,2010-11,DEN,80,49,31,0.613,26.3,4.3,8.6,0.503,0.9,2.1,0.404,2.2,2.8,0.764,0.8,1.8,2.6,4.7,1.7,1.0,0.1,0.9,1.7,2.3,11.7,2.9,23.3,4,0,1,1,4,4,5,5,5,2,5,5,2,6,6,4,2,7,5,6,6,6,8,4,5,6,5,2,5,5,2
4,Ben Gordon,2010-11,DET,82,30,52,0.366,26.0,4.1,9.4,0.44,1.3,3.2,0.402,1.7,2.0,0.85,0.5,1.9,2.4,2.1,1.7,0.6,0.2,0.4,2.2,1.6,11.2,-1.4,17.8,0,0,1,5,2,8,7,8,9,4,7,8,7,8,8,7,5,7,6,7,9,8,5,10,8,8,8,6,8,1,1
5,Charlie Villanueva,2010-11,DET,76,27,49,0.355,21.9,4.1,9.3,0.442,1.6,4.3,0.387,1.2,1.5,0.767,0.7,3.2,3.9,0.6,0.9,0.6,0.6,0.1,2.3,1.3,11.1,-1.8,19.1,4,0,4,4,4,7,6,6,6,4,1,1,1,6,6,7,8,6,6,7,6,5,5,11,5,6,6,7,6,5,1
17,Greg Monroe,2010-11,DET,80,30,50,0.375,27.8,3.8,6.9,0.551,0.0,0.0,0.0,1.8,2.9,0.622,3.1,4.4,7.5,1.3,1.0,1.2,0.6,0.9,2.5,2.3,9.4,-1.7,24.5,21,0,4,3,3,9,6,10,10,5,2,7,2,9,8,10,5,9,7,11,11,3,7,7,3,9,10,8,10,6,3
2,Richard Hamilton,2010-11,DET,55,19,36,0.345,27.2,5.2,12.2,0.429,1.0,2.6,0.382,2.7,3.1,0.849,0.4,1.9,2.3,3.1,1.6,0.7,0.1,0.4,1.7,2.1,14.1,-2.6,22.3,0,0,11,12,3,11,11,11,11,12,2,3,3,10,10,7,13,11,12,8,13,7,11,14,14,6,11,12,11,8,1
6,Rodney Stuckey,2010-11,DET,70,25,45,0.357,31.2,5.2,11.8,0.439,0.4,1.3,0.289,4.7,5.4,0.866,1.0,2.1,3.1,5.2,2.2,1.1,0.1,1.1,2.5,3.8,15.5,-1.2,28.4,7,0,6,6,4,8,3,2,2,3,5,6,6,2,2,1,1,6,4,1,2,2,4,2,3,3,2,7,2,1,1
10,Tayshaun Prince,2010-11,DET,78,29,49,0.372,32.8,6.1,12.8,0.473,0.4,1.3,0.347,1.5,2.2,0.702,1.0,3.2,4.2,2.8,1.1,0.4,0.5,0.4,1.2,2.0,14.1,-1.7,25.0,4,0,7,8,2,14,9,1,1,4,14,10,14,7,6,12,10,10,10,6,10,15,5,10,8,5,5,13,7,3,1
8,David Lee,2010-11,GSW,73,35,38,0.479,36.1,6.8,13.4,0.507,0.0,0.0,0.333,2.9,3.7,0.787,3.0,6.8,9.8,3.2,2.3,1.0,0.4,0.9,2.9,2.9,16.5,-1.6,35.0,37,0,6,5,5,7,4,5,5,11,1,4,1,6,6,5,5,5,5,3,4,2,6,7,6,6,5,8,5,4,4
4,Dorell Wright,2010-11,GSW,82,36,46,0.439,38.4,5.9,14.0,0.423,2.4,6.3,0.376,2.2,2.8,0.789,1.1,4.2,5.3,3.0,1.6,1.5,0.8,0.6,2.1,2.0,16.4,-1.6,32.3,7,0,1,3,2,8,1,1,1,5,1,1,4,1,1,8,2,1,1,1,1,1,2,1,1,1,1,4,1,1,1
8,Monta Ellis,2010-11,GSW,80,35,45,0.438,40.3,9.1,20.1,0.451,1.7,4.7,0.361,4.3,5.4,0.789,0.6,3.0,3.5,5.6,3.2,2.1,0.3,0.7,2.5,4.8,24.1,-2.9,40.8,10,0,5,8,1,11,2,2,2,5,1,1,1,2,2,3,5,8,6,5,4,2,9,5,4,2,2,11,2,1,1
5,Reggie Williams,2010-11,GSW,80,36,44,0.45,20.3,3.4,7.2,0.469,1.3,3.0,0.423,1.3,1.7,0.746,0.6,2.1,2.7,1.5,0.7,0.4,0.0,0.3,1.6,1.5,9.2,-0.8,15.2,0,0,1,1,1,3,3,2,3,3,2,3,2,2,2,4,3,2,3,3,3,4,3,3,2,2,2,1,3,1,1
11,Stephen Curry,2010-11,GSW,74,33,41,0.446,33.6,6.8,14.2,0.48,2.0,4.6,0.442,2.9,3.1,0.934,0.7,3.2,3.9,5.8,3.1,1.5,0.3,0.5,3.1,2.6,18.6,-0.2,34.1,5,0,7,9,2,11,8,10,12,6,13,13,5,11,11,2,6,12,12,10,8,9,5,8,2,11,11,11,12,9,5
7,Chase Budinger,2010-11,HOU,78,41,37,0.526,22.3,3.6,8.4,0.425,1.1,3.5,0.325,1.5,1.8,0.855,0.7,2.9,3.6,1.6,0.9,0.5,0.2,0.6,1.5,1.3,9.8,1.8,18.0,0,0,1,1,2,2,2,2,1,5,3,3,5,1,2,1,2,2,2,1,3,4,2,1,1,2,1,1,1,3,1
15,Courtney Lee,2010-11,HOU,81,43,38,0.531,21.3,3.1,7.1,0.439,0.9,2.1,0.408,1.2,1.5,0.792,0.6,2.0,2.6,1.2,0.8,0.7,0.2,0.3,1.3,1.0,8.3,0.1,15.2,0,0,1,3,4,7,11,11,9,12,10,10,3,7,7,13,3,10,7,11,10,12,11,7,12,4,10,8,11,2,1
7,Kevin Martin,2010-11,HOU,80,42,38,0.525,32.5,6.9,15.8,0.436,2.2,5.7,0.383,7.4,8.4,0.888,0.4,2.9,3.2,2.5,2.3,1.0,0.2,0.8,1.9,5.1,23.5,2.0,32.3,0,0,1,2,3,5,7,1,3,5,2,1,6,3,3,6,11,6,7,4,3,5,1,4,6,3,3,3,3,7,1
11,Kyle Lowry,2010-11,HOU,75,40,35,0.533,34.2,4.6,10.8,0.426,1.7,4.6,0.376,2.6,3.3,0.765,1.2,2.9,4.1,6.7,2.1,1.4,0.3,0.6,2.8,3.5,13.5,4.1,31.3,10,1,5,7,4,11,8,9,11,7,10,10,6,13,11,16,3,12,12,9,12,10,8,10,9,13,10,7,11,10,7
6,Luis Scola,2010-11,HOU,74,38,36,0.514,32.6,7.7,15.3,0.504,0.0,0.0,0.0,2.9,3.9,0.738,2.0,6.2,8.2,2.5,2.0,0.6,0.6,1.0,3.1,3.6,18.3,3.1,33.6,19,0,8,6,4,6,1,1,1,4,7,8,7,1,1,5,4,3,3,1,3,5,1,2,4,1,1,1,1,3,1
6,Brandon Rush,2010-11,IND,67,27,40,0.403,26.2,3.2,7.7,0.421,1.4,3.3,0.417,1.2,1.6,0.755,0.5,2.7,3.2,0.9,1.0,0.6,0.5,0.5,1.6,1.2,9.1,-3.1,16.7,0,0,4,4,4,5,3,4,2,6,3,3,2,1,1,2,3,3,3,5,4,2,3,1,4,2,3,8,3,4,1
6,Danny Granger,2010-11,IND,79,36,43,0.456,35.0,6.8,15.9,0.425,2.0,5.2,0.386,5.0,5.9,0.848,1.1,4.3,5.4,2.6,2.6,1.1,0.8,1.3,2.7,4.1,20.5,-0.2,34.0,5,0,3,3,3,6,4,3,3,7,4,5,3,3,3,7,5,4,3,3,1,3,5,1,6,3,3,4,4,4,1
9,Darren Collison,2010-11,IND,79,36,43,0.456,29.9,5.0,11.0,0.457,0.5,1.6,0.331,2.6,2.9,0.871,0.5,2.3,2.8,5.1,2.5,1.1,0.2,0.7,1.4,2.2,13.2,-1.7,25.6,4,0,3,5,2,6,5,3,2,9,10,8,10,4,4,3,4,4,4,6,3,6,5,5,10,4,4,8,4,4,2
8,Mike Dunleavy,2010-11,IND,61,28,33,0.459,27.6,3.9,8.5,0.462,1.7,4.2,0.402,1.6,2.0,0.8,0.5,4.1,4.5,1.7,1.1,0.7,0.5,0.2,1.8,1.8,11.2,1.4,21.5,1,0,10,10,9,9,8,10,10,3,5,4,5,11,10,9,11,5,7,12,10,9,3,15,12,10,10,4,9,7,1
8,Roy Hibbert,2010-11,IND,81,37,44,0.457,27.7,5.1,11.0,0.461,0.0,0.0,0.0,2.5,3.4,0.745,2.2,5.3,7.5,2.0,2.3,0.4,1.8,0.9,3.2,3.5,12.7,-0.4,29.0,21,0,1,4,3,5,4,2,1,6,4,4,4,3,2,6,4,2,3,1,1,3,4,2,4,1,2,6,3,2,2
5,Tyler Hansbrough,2010-11,IND,70,34,36,0.486,21.9,4.1,8.8,0.465,0.0,0.0,0.0,2.8,3.6,0.779,2.1,3.2,5.2,0.6,1.1,0.5,0.2,0.6,2.3,3.1,11.0,-1.7,19.3,7,0,3,5,1,6,1,1,1,3,3,6,3,3,4,2,1,1,1,2,1,3,4,4,3,3,1,6,1,1,1
15,Blake Griffin,2010-11,LAC,82,32,50,0.39,37.9,8.5,16.8,0.506,0.1,0.3,0.292,5.4,8.5,0.642,3.3,8.8,12.1,3.8,2.7,0.8,0.5,1.1,3.1,7.5,22.5,-1.8,43.9,63,2,1,7,1,13,1,5,6,4,12,13,9,3,1,13,2,1,1,9,4,8,4,1,3,2,4,13,1,1,1
11,Eric Gordon,2010-11,LAC,56,25,31,0.446,37.7,7.6,16.9,0.45,1.9,5.2,0.364,5.1,6.2,0.825,0.8,2.1,2.9,4.4,2.7,1.3,0.3,1.2,2.1,4.6,22.3,0.0,34.4,1,0,8,6,4,7,1,1,1,4,10,8,8,2,2,5,1,5,1,1,2,2,9,1,6,2,1,7,1,1,1
8,Randy Foye,2010-11,LAC,63,28,35,0.444,24.6,3.3,8.4,0.388,1.1,3.4,0.327,2.1,2.4,0.893,0.2,1.4,1.6,2.7,1.5,0.7,0.3,0.4,1.9,1.6,9.8,-3.1,17.5,0,0,8,5,7,4,6,8,7,8,7,7,10,2,2,1,10,11,11,6,5,5,5,6,8,6,8,10,8,7,1
4,Andrew Bynum,2010-11,LAL,54,36,18,0.667,27.8,4.4,7.6,0.574,0.0,0.0,0.0,2.6,3.9,0.66,3.1,6.3,9.4,1.4,1.4,0.4,2.0,0.6,2.6,2.8,11.3,3.7,30.2,17,0,4,5,3,5,5,6,7,2,2,4,2,4,4,8,2,4,4,4,7,4,2,5,5,5,6,4,5,4,1
5,Kobe Bryant,2010-11,LAL,82,57,25,0.695,33.9,9.0,20.0,0.451,1.4,4.3,0.323,5.9,7.1,0.828,1.0,4.1,5.1,4.7,3.0,1.2,0.1,0.9,2.1,5.5,25.3,5.2,39.7,9,1,1,3,7,7,16,11,12,10,11,9,12,12,12,13,12,15,16,14,13,15,20,10,15,8,11,7,14,10,7
2,Lamar Odom,2010-11,LAL,82,57,25,0.695,32.2,5.8,10.9,0.53,0.8,2.2,0.382,2.0,3.0,0.675,2.1,6.5,8.7,3.0,1.7,0.6,0.7,0.5,2.4,2.5,14.4,4.6,31.6,28,0,1,2,9,3,10,4,9,1,5,9,1,11,11,10,5,7,7,11,12,13,10,13,13,5,8,3,9,5,7
5,Metta World Peace,2010-11,LAL,82,57,25,0.695,29.4,3.2,8.0,0.397,1.0,2.8,0.356,1.1,1.7,0.676,1.2,2.0,3.3,2.1,1.1,1.5,0.4,0.5,2.2,1.7,8.5,5.2,20.4,0,0,1,1,8,3,14,15,15,15,11,12,6,16,16,13,10,16,16,14,15,14,13,15,14,8,15,5,15,11,1
10,Pau Gasol,2010-11,LAL,82,57,25,0.695,37.0,7.2,13.7,0.529,0.0,0.0,0.333,4.3,5.2,0.823,3.3,6.9,10.2,3.3,1.7,0.6,1.6,1.0,2.5,4.4,18.8,6.5,40.8,43,1,1,2,12,5,3,6,8,5,16,19,7,8,11,1,2,7,5,10,15,3,10,7,3,7,7,3,6,3,3
6,Shannon Brown,2010-11,LAL,82,57,25,0.695,19.1,3.3,7.8,0.425,0.9,2.6,0.349,1.1,1.2,0.911,0.4,1.5,1.9,1.2,0.9,0.8,0.2,0.4,1.5,0.9,8.7,1.4,14.9,0,0,1,1,3,4,4,3,3,4,2,2,4,4,5,1,3,4,4,3,5,2,5,4,5,6,3,2,4,2,1
6,Darrell Arthur,2010-11,MEM,80,45,35,0.563,20.1,3.9,7.8,0.497,0.0,0.1,0.0,1.4,1.7,0.813,1.4,2.8,4.3,0.7,1.1,0.7,0.8,0.4,2.9,1.5,9.1,0.5,18.4,2,0,1,1,4,3,2,1,1,1,7,7,7,1,1,3,1,3,2,5,1,4,1,3,1,1,1,2,1,1,1
12,Marc Gasol,2010-11,MEM,81,46,35,0.568,31.9,4.5,8.5,0.527,0.0,0.1,0.429,2.7,3.6,0.748,1.9,5.1,7.0,2.5,1.8,0.9,1.7,0.7,3.3,4.2,11.7,1.7,29.8,14,0,2,3,3,9,10,10,10,3,8,11,3,11,11,9,4,12,9,11,11,8,3,1,2,10,11,7,10,8,5
11,Mike Conley,2010-11,MEM,81,46,35,0.568,35.5,5.2,11.8,0.444,1.0,2.7,0.369,2.2,3.0,0.733,0.4,2.7,3.0,6.5,2.2,1.8,0.2,0.9,2.2,2.8,13.7,3.7,30.9,7,0,2,3,5,9,1,8,9,6,13,11,9,10,8,14,11,5,6,1,4,3,7,1,1,9,11,5,6,4,1
5,O.J. Mayo,2010-11,MEM,71,37,34,0.521,26.3,4.3,10.5,0.407,1.4,3.7,0.364,1.4,1.8,0.756,0.5,1.9,2.4,2.0,1.4,1.0,0.4,0.6,1.8,1.4,11.3,1.7,20.0,0,0,4,5,5,3,6,6,6,7,7,8,5,7,6,8,3,8,7,8,8,6,1,5,8,7,7,1,6,3,1
15,Rudy Gay,2010-11,MEM,54,30,24,0.556,39.8,7.6,16.1,0.471,1.1,2.7,0.396,3.6,4.5,0.805,1.5,4.7,6.2,2.8,2.5,1.7,1.1,0.8,2.4,3.1,19.8,2.5,37.3,4,0,13,5,11,6,1,2,8,4,12,12,2,7,6,7,5,6,7,4,6,2,2,10,9,9,4,3,1,10,1
7,Tony Allen,2010-11,MEM,72,40,32,0.556,20.8,3.5,6.8,0.51,0.1,0.3,0.174,1.9,2.5,0.753,1.0,1.7,2.7,1.4,1.2,1.8,0.6,0.5,2.2,1.9,8.9,0.7,20.3,1,0,4,5,3,8,8,7,8,2,12,12,12,4,4,4,9,12,10,4,11,3,1,10,9,5,5,8,8,4,1
7,Zach Randolph,2010-11,MEM,75,43,32,0.573,36.3,8.0,15.8,0.503,0.1,0.6,0.186,4.0,5.3,0.758,4.3,7.8,12.2,2.2,2.0,0.8,0.3,1.5,2.3,4.4,20.1,3.5,39.4,53,0,6,5,8,6,3,5,8,2,9,9,13,5,5,11,1,2,2,3,11,5,5,6,12,4,6,4,3,2,2
5,Chris Bosh,2010-11,MIA,77,55,22,0.714,36.3,6.8,13.7,0.496,0.1,0.3,0.24,5.0,6.1,0.815,1.8,6.5,8.3,1.9,1.8,0.8,0.6,0.7,2.2,4.6,18.7,7.9,33.9,28,0,3,2,11,3,5,8,9,6,10,9,12,7,7,6,8,4,7,9,9,9,12,10,11,6,8,1,9,6,1
10,Dwyane Wade,2010-11,MIA,76,54,22,0.711,37.1,9.1,18.2,0.5,0.8,2.7,0.306,6.5,8.6,0.758,1.6,4.8,6.4,4.6,3.1,1.5,1.1,0.9,2.6,6.1,25.5,7.6,44.7,10,1,4,3,11,3,6,5,6,3,4,4,5,7,7,11,1,1,1,12,9,10,4,3,4,6,5,2,5,6,2
11,LeBron James,2010-11,MIA,79,57,22,0.722,38.8,9.6,18.8,0.51,1.2,3.5,0.33,6.4,8.4,0.759,1.0,6.5,7.5,7.0,3.6,1.6,0.6,0.5,2.1,5.9,26.7,7.8,49.2,31,4,4,4,10,8,7,16,13,9,16,16,15,5,6,5,14,7,11,12,6,12,14,19,5,10,13,6,13,6,9
10,Andrew Bogut,2010-11,MIL,65,28,37,0.431,35.3,5.6,11.4,0.495,0.0,0.1,0.0,1.5,3.3,0.442,3.1,8.0,11.1,2.0,1.9,0.7,2.6,0.6,3.3,3.7,12.8,0.2,37.1,24,0,8,6,4,10,1,3,3,11,4,4,4,6,3,12,3,1,1,8,5,4,1,6,2,6,3,10,2,3,1
11,Brandon Jennings,2010-11,MIL,63,27,36,0.429,34.4,5.7,14.7,0.39,1.6,4.8,0.323,3.2,3.9,0.809,0.7,3.0,3.7,4.8,2.3,1.5,0.3,0.8,2.1,3.0,16.2,-1.1,31.1,6,1,5,5,3,7,3,3,4,4,6,5,8,1,2,5,4,1,1,7,4,3,1,2,2,2,3,6,4,3,1
2,Corey Maggette,2010-11,MIL,67,25,42,0.373,20.9,3.8,8.3,0.453,0.4,1.2,0.359,4.0,4.9,0.834,0.7,2.9,3.6,1.3,1.9,0.3,0.1,0.6,2.6,3.4,12.0,-1.3,17.5,1,0,7,6,5,8,11,10,11,7,9,10,3,10,10,5,12,11,13,10,9,13,12,13,9,7,10,7,11,11,1
6,John Salmons,2010-11,MIL,73,30,43,0.411,35.0,5.1,12.3,0.415,1.1,3.0,0.379,2.7,3.3,0.813,0.4,3.3,3.6,3.5,1.9,1.0,0.4,0.8,2.2,2.7,14.0,-0.8,25.8,1,0,6,7,6,11,4,4,4,8,6,6,7,4,4,6,11,4,4,2,3,5,4,4,6,4,4,6,4,5,2
2,Darko Milicic,2010-11,MIN,69,15,54,0.217,24.4,3.9,8.4,0.469,0.0,0.0,0.0,0.9,1.7,0.557,1.9,3.3,5.2,1.5,2.2,0.8,2.0,0.6,3.3,1.5,8.8,-3.5,23.6,5,0,3,8,1,9,2,1,1,6,1,6,1,4,4,6,1,4,4,2,1,1,2,1,1,4,1,10,1,3,1
11,Kevin Love,2010-11,MIN,73,17,56,0.233,35.8,6.6,14.1,0.47,1.2,2.9,0.417,5.8,6.8,0.85,4.5,10.7,15.2,2.5,2.1,0.6,0.4,1.3,2.0,5.8,20.2,-3.7,43.2,64,0,5,9,2,13,3,3,5,1,11,12,1,3,4,6,1,1,1,3,5,10,8,2,8,4,3,12,3,2,2
6,Luke Ridnour,2010-11,MIN,71,13,58,0.183,30.4,4.5,9.6,0.468,1.1,2.6,0.44,1.7,1.9,0.883,0.5,2.3,2.8,5.4,2.2,1.3,0.1,0.4,2.1,1.9,11.8,-3.5,25.3,3,0,6,11,1,12,4,2,5,2,1,2,1,6,7,4,3,4,3,3,1,3,9,5,8,7,2,12,2,6,1
8,Michael Beasley,2010-11,MIN,73,14,59,0.192,32.3,7.7,17.1,0.45,0.8,2.2,0.366,3.0,4.0,0.753,1.6,4.0,5.6,2.2,2.7,0.7,0.7,1.1,3.0,3.0,19.2,-3.8,30.8,8,0,5,8,1,11,1,1,1,7,1,1,6,1,1,7,1,4,2,1,1,2,1,1,1,1,1,10,1,3,1
10,Wesley Johnson,2010-11,MIN,79,17,62,0.215,26.2,3.4,8.6,0.397,1.3,3.7,0.356,0.8,1.2,0.696,0.6,2.4,3.0,1.9,1.2,0.7,0.7,0.2,2.1,0.9,9.0,-2.8,18.5,0,0,2,7,1,10,3,3,2,8,1,2,3,2,2,7,3,5,4,1,1,5,5,4,4,2,3,6,3,4,1
10,Anthony Morrow,2010-11,NJN,58,17,41,0.293,32.0,4.8,10.7,0.45,1.9,4.5,0.423,1.7,1.8,0.897,0.6,2.3,3.0,1.2,0.9,0.3,0.1,0.4,2.3,1.3,13.2,-2.1,18.9,0,0,7,8,5,11,1,1,1,6,3,2,6,1,1,4,3,2,3,3,3,8,6,2,1,3,1,11,2,4,1
11,Brook Lopez,2010-11,NJN,82,24,58,0.293,35.2,7.9,16.0,0.492,0.0,0.0,0.0,4.7,6.0,0.787,2.4,3.5,6.0,1.6,2.1,0.6,1.5,1.0,2.9,4.5,20.4,-3.8,33.9,9,0,1,8,2,11,2,2,1,9,9,13,9,3,4,9,6,10,7,5,4,7,12,3,6,5,4,12,6,6,1
10,Devin Harris,2010-11,TOT,71,24,47,0.338,31.7,4.8,11.5,0.422,0.8,2.5,0.322,4.7,5.7,0.833,0.2,2.1,2.4,7.1,2.9,1.0,0.1,0.8,2.3,4.9,15.2,-2.9,29.0,9,0,1,3,1,3,1,2,1,2,3,3,3,1,1,2,2,2,2,1,1,2,3,1,2,1,1,3,1,1,1
11,Devin Harris,2010-11,UTA,17,7,10,0.412,31.2,4.9,11.8,0.413,1.5,4.1,0.357,4.5,5.6,0.811,0.4,2.0,2.4,5.4,2.9,0.8,0.1,1.0,1.9,4.2,15.8,-0.8,26.5,1,0,18,18,17,13,5,4,4,13,1,1,2,4,4,10,8,5,6,5,3,13,14,2,12,5,3,12,6,5,1
12,Devin Harris,2010-11,NJN,54,17,37,0.315,31.9,4.8,11.3,0.425,0.6,2.0,0.3,4.8,5.7,0.84,0.2,2.2,2.4,7.6,2.9,1.1,0.1,0.7,2.4,5.2,15.0,-3.6,29.8,8,0,12,13,4,17,4,5,5,10,15,14,14,3,3,2,11,4,5,1,2,7,16,5,5,3,5,17,4,2,1
5,Jordan Farmar,2010-11,NJN,73,23,50,0.315,24.6,3.5,8.9,0.392,1.5,4.2,0.359,1.1,1.4,0.82,0.3,2.0,2.4,5.0,1.9,0.8,0.1,0.4,1.8,1.4,9.6,-2.4,20.9,8,0,3,5,1,9,1,5,1,7,3,2,7,2,3,4,6,2,2,1,2,6,7,4,2,4,3,8,2,1,1
9,Kris Humphries,2010-11,NJN,74,23,51,0.311,27.8,4.1,7.9,0.527,0.0,0.0,0.0,1.7,2.6,0.665,3.0,7.4,10.4,1.1,1.4,0.4,1.1,0.6,2.3,3.0,10.0,-3.3,27.4,29,0,1,7,1,13,2,2,3,1,6,12,6,3,3,12,2,1,2,3,2,7,2,4,3,2,2,14,2,1,1
3,Sasha Vujacic,2010-11,TOT,67,26,41,0.388,24.6,3.6,8.9,0.402,1.4,3.9,0.37,1.2,1.4,0.844,0.4,2.3,2.8,2.0,1.0,0.8,0.1,0.4,2.0,1.4,9.8,-4.1,17.7,1,0,1,1,1,1,1,1,1,1,1,1,1,1,1,1,1,1,1,1,1,1,1,1,1,1,1,1,1,1,1
4,Sasha Vujacic,2010-11,NJN,56,17,39,0.304,28.5,4.1,10.2,0.404,1.7,4.6,0.369,1.4,1.7,0.851,0.5,2.7,3.3,2.3,1.1,0.9,0.1,0.4,2.3,1.6,11.4,-4.6,20.7,1,0,7,7,1,11,1,1,1,2,1,1,5,1,1,5,1,1,1,1,2,2,1,3,1,1,1,10,1,1,1
5,Sasha Vujacic,2010-11,LAL,11,9,2,0.818,4.9,0.7,2.1,0.348,0.3,0.6,0.429,0.1,0.2,0.5,0.1,0.3,0.4,0.5,0.5,0.1,0.0,0.1,0.6,0.3,1.8,-2.0,2.8,0,0,10,10,10,1,11,11,11,8,11,11,3,10,10,10,10,11,11,10,6,11,10,10,10,10,11,9,11,2,1
3,Travis Outlaw,2010-11,NJN,82,24,58,0.293,28.8,3.3,8.9,0.375,0.9,3.1,0.302,1.6,2.1,0.772,0.7,3.3,4.0,1.0,0.9,0.4,0.4,0.4,1.8,1.7,9.2,-4.2,17.2,0,0,1,4,1,7,1,5,4,11,4,2,7,5,5,5,8,2,3,4,6,9,8,4,4,4,5,12,5,7,1
11,Chris Paul,2010-11,NOH,80,45,35,0.563,36.0,5.4,11.6,0.463,0.9,2.3,0.388,4.2,4.8,0.878,0.5,3.6,4.1,9.8,2.2,2.4,0.1,0.4,2.5,4.8,15.9,3.2,40.4,32,0,2,8,2,14,7,14,16,12,14,14,5,6,7,8,13,13,14,8,15,6,15,9,8,6,15,14,10,6,12
7,David West,2010-11,NOH,70,40,30,0.571,35.0,7.5,14.9,0.508,0.0,0.1,0.222,3.8,4.7,0.807,2.2,5.3,7.6,2.3,2.0,1.0,0.9,1.0,2.9,3.7,18.9,2.1,35.0,16,0,10,9,6,9,5,4,5,5,14,11,11,3,2,6,4,6,5,5,5,2,6,2,2,5,4,7,4,5,2
3,Emeka Okafor,2010-11,NOH,72,43,29,0.597,31.8,4.2,7.3,0.573,0.0,0.0,0.0,2.0,3.6,0.562,3.2,6.3,9.5,0.6,1.7,0.6,1.8,0.9,3.2,2.9,10.3,2.0,27.9,23,0,6,1,7,2,6,8,9,1,1,1,1,6,6,9,5,6,6,9,6,9,3,6,2,5,7,1,6,6,1
11,Marco Belinelli,2010-11,NOH,80,44,36,0.55,24.5,3.8,8.6,0.437,1.7,4.1,0.414,1.2,1.6,0.784,0.2,1.7,1.9,1.2,1.0,0.5,0.1,0.3,1.8,1.6,10.5,1.1,15.1,0,0,1,3,5,5,6,5,7,4,4,6,2,11,11,11,7,7,8,13,9,11,8,6,2,9,7,4,11,4,1
15,Trevor Ariza,2010-11,NOH,75,43,32,0.573,34.7,4.0,10.2,0.398,1.1,3.6,0.303,1.8,2.6,0.701,0.8,4.6,5.4,2.2,1.6,1.6,0.4,0.6,2.4,2.1,11.0,0.1,25.2,3,0,7,5,5,8,5,8,6,19,14,13,18,7,4,14,13,5,6,9,5,9,4,4,1,7,8,13,9,4,2
4,Willie Green,2010-11,NOH,77,44,33,0.571,21.7,3.5,7.9,0.443,0.7,2.0,0.348,1.0,1.3,0.78,0.3,1.8,2.1,1.0,0.9,0.5,0.2,0.4,1.9,1.2,8.7,-0.8,13.7,0,0,2,2,7,4,4,4,4,4,6,7,4,5,6,6,6,3,4,8,8,7,3,5,4,4,4,5,6,1,1
7,Amar'e Stoudemire,2010-11,NYK,78,39,39,0.5,36.8,9.5,19.0,0.502,0.1,0.3,0.435,6.1,7.7,0.792,2.5,5.6,8.2,2.6,3.2,0.9,1.9,1.5,3.5,6.1,25.3,0.8,44.2,26,0,6,6,1,11,2,1,1,11,1,4,1,4,5,5,6,8,7,1,2,5,2,1,3,2,2,7,3,5,1
10,Danilo Gallinari,2010-11,TOT,62,34,28,0.548,33.9,4.3,10.3,0.414,1.7,4.7,0.352,5.4,6.3,0.862,1.0,4.0,4.9,1.7,1.3,0.8,0.4,0.4,2.3,4.8,15.6,1.1,26.5,2,0,1,1,1,1,1,1,1,1,1,1,1,1,1,1,1,1,1,1,1,1,1,1,1,1,1,1,1,1,1
11,Danilo Gallinari,2010-11,DEN,14,9,5,0.643,30.9,3.9,9.4,0.412,1.4,3.9,0.37,5.6,7.2,0.772,0.8,4.6,5.4,1.6,1.8,0.9,0.6,0.7,1.9,4.9,14.7,3.6,26.5,0,0,14,14,14,2,8,12,11,10,12,13,9,2,2,14,6,3,2,10,1,2,2,3,5,3,9,4,8,10,1
12,Danilo Gallinari,2010-11,NYK,48,25,23,0.521,34.8,4.4,10.6,0.415,1.7,5.0,0.347,5.4,6.0,0.893,1.0,3.8,4.8,1.7,1.2,0.8,0.4,0.3,2.4,4.8,15.9,0.4,26.5,2,0,9,8,7,8,1,9,9,8,8,9,12,5,4,8,1,11,9,8,10,7,6,12,1,4,6,10,9,6,1
4,Landry Fields,2010-11,NYK,82,42,40,0.512,31.0,3.6,7.3,0.497,1.0,2.7,0.393,1.4,1.8,0.769,1.3,5.1,6.4,1.9,1.3,1.0,0.2,0.4,1.4,1.6,9.7,0.8,22.4,11,0,1,1,1,3,1,1,2,1,1,1,2,1,2,2,1,1,1,2,2,2,2,2,2,2,1,2,1,1,1
8,Raymond Felton,2010-11,TOT,75,44,31,0.587,36.5,5.7,13.4,0.425,1.5,4.4,0.353,2.6,3.2,0.805,0.6,2.9,3.6,8.3,2.9,1.7,0.1,0.5,2.0,2.7,15.5,1.8,34.8,27,1,1,1,1,1,1,1,1,1,1,1,1,1,1,1,1,1,1,1,1,1,1,1,1,1,1,1,1,1,1
9,Raymond Felton,2010-11,DEN,21,16,5,0.762,31.6,4.2,9.7,0.431,1.3,2.9,0.459,1.8,2.9,0.617,0.4,3.2,3.6,6.5,2.1,1.3,0.0,0.6,1.8,2.3,11.5,7.8,27.4,3,0,15,14,15,1,8,9,9,2,3,7,1,7,5,15,12,1,4,5,8,6,15,4,11,6,8,1,7,8,3
10,Raymond Felton,2010-11,NYK,54,28,26,0.519,38.4,6.3,14.8,0.423,1.6,5.0,0.328,2.9,3.4,0.867,0.7,2.9,3.6,9.0,3.3,1.8,0.2,0.5,2.1,2.9,17.1,-0.6,37.7,24,1,12,10,11,7,1,1,1,5,1,1,7,2,2,2,4,4,3,1,1,1,6,8,7,4,1,8,1,1,1
10,Toney Douglas,2010-11,NYK,81,41,40,0.506,24.3,3.9,9.3,0.416,1.8,4.7,0.373,1.0,1.3,0.794,0.8,2.2,3.0,3.0,1.1,1.1,0.0,0.3,2.2,1.2,10.6,1.4,21.0,3,0,1,1,1,7,1,1,1,3,1,1,5,3,3,7,1,1,1,1,4,3,7,8,1,5,1,3,1,1,1
10,Wilson Chandler,2010-11,TOT,72,41,31,0.569,33.3,6.0,13.2,0.45,1.6,4.4,0.35,1.8,2.2,0.807,1.0,4.6,5.7,1.7,1.4,0.7,1.3,0.5,2.8,1.7,15.3,2.4,29.1,6,0,1,1,1,2,1,1,1,1,1,1,2,1,1,1,1,1,1,1,1,1,1,1,1,1,1,1,1,1,1
11,Wilson Chandler,2010-11,DEN,21,14,7,0.667,30.6,4.8,11.5,0.419,1.2,3.6,0.347,1.6,2.0,0.81,0.6,4.4,5.0,1.6,1.8,0.7,1.1,0.5,2.2,1.6,12.5,4.5,24.6,1,0,12,11,12,3,8,8,7,10,7,6,6,7,7,3,12,4,9,10,2,8,2,9,12,7,8,1,6,8,1
12,Wilson Chandler,2010-11,NYK,51,27,24,0.529,34.5,6.4,14.0,0.461,1.7,4.8,0.351,1.9,2.3,0.807,1.2,4.7,5.9,1.7,1.3,0.7,1.4,0.5,3.0,1.7,16.4,1.6,30.9,5,0,7,6,8,6,2,1,1,4,3,3,4,5,6,4,6,3,3,9,8,8,1,6,3,6,1,4,1,3,1
13,James Harden,2010-11,OKC,82,55,27,0.671,26.7,3.6,8.3,0.436,1.4,4.0,0.349,3.5,4.2,0.843,0.5,2.6,3.1,2.1,1.3,1.1,0.3,0.6,2.5,3.1,12.2,2.5,22.1,0,0,1,3,4,5,13,13,13,12,13,13,11,13,13,13,13,13,14,13,14,11,12,14,7,13,13,9,13,12,11
16,Jeff Green,2010-11,TOT,75,45,30,0.6,32.4,4.9,10.9,0.449,0.9,2.8,0.303,2.6,3.3,0.811,1.0,3.8,4.8,1.4,1.3,0.7,0.5,0.5,2.8,2.5,13.3,0.0,23.5,4,0,3,2,3,1,1,2,2,2,3,3,4,2,2,2,1,1,1,3,2,2,2,3,1,2,2,1,2,1,1
17,Jeff Green,2010-11,BOS,26,15,11,0.577,23.5,3.8,7.8,0.485,0.3,1.0,0.296,1.9,2.4,0.794,0.6,2.7,3.3,0.7,0.9,0.5,0.6,0.5,2.6,1.9,9.8,-1.5,17.3,1,0,17,16,16,9,14,16,16,4,17,17,16,14,14,12,13,12,13,17,16,16,4,12,3,14,16,12,16,7,1
18,Jeff Green,2010-11,OKC,49,30,19,0.612,37.0,5.5,12.6,0.437,1.1,3.8,0.304,3.0,3.7,0.818,1.2,4.4,5.6,1.8,1.6,0.8,0.4,0.5,2.9,2.8,15.2,0.8,26.8,3,0,11,6,12,4,2,5,5,10,8,6,15,4,4,7,4,3,3,3,7,4,12,9,1,4,4,5,4,4,1
10,Kevin Durant,2010-11,OKC,78,52,26,0.667,38.9,9.1,19.7,0.462,1.9,5.3,0.35,7.6,8.7,0.88,0.7,6.1,6.8,2.7,2.8,1.1,1.0,0.6,2.0,5.3,27.7,3.4,43.5,14,0,5,4,4,8,3,9,4,13,9,6,13,4,4,8,4,10,9,13,12,6,9,7,3,6,7,11,11,10,8
11,Russell Westbrook,2010-11,OKC,82,55,27,0.671,34.7,7.5,17.0,0.442,0.4,1.3,0.33,6.5,7.7,0.842,1.5,3.1,4.6,8.2,3.9,1.9,0.4,1.3,2.5,5.2,21.9,1.4,42.6,31,3,1,2,7,5,8,11,11,5,13,14,2,3,3,2,10,11,13,7,9,5,4,3,6,5,10,11,9,6,9
13,Serge Ibaka,2010-11,OKC,82,55,27,0.671,27.0,4.1,7.5,0.543,0.0,0.0,0.0,1.7,2.2,0.75,2.6,5.0,7.6,0.3,0.9,0.4,2.4,0.4,3.3,1.8,9.9,1.7,26.9,12,0,1,3,4,9,10,11,11,3,14,14,14,4,5,9,4,9,6,13,14,9,5,3,2,5,11,11,9,6,2
6,Brandon Bass,2010-11,ORL,76,49,27,0.645,26.1,4.4,8.5,0.515,0.0,0.0,0.0,2.5,3.1,0.815,1.8,3.8,5.6,0.8,1.3,0.4,0.7,0.6,2.1,2.1,11.2,2.1,20.9,3,0,6,1,7,2,4,2,3,3,4,8,4,1,1,8,2,2,3,6,1,6,5,4,4,3,2,2,3,5,1
11,Dwight Howard,2010-11,ORL,78,51,27,0.654,37.6,7.9,13.4,0.593,0.0,0.1,0.0,7.0,11.7,0.596,4.0,10.1,14.1,1.4,3.6,1.4,2.4,1.0,3.3,9.8,22.9,6.4,49.5,66,0,8,5,9,7,3,1,2,10,9,5,9,1,1,4,3,3,3,10,2,2,4,6,9,1,1,3,1,2,2
4,Hedo Turkoglu,2010-11,TOT,81,48,33,0.593,31.4,4.0,8.9,0.446,1.6,3.8,0.41,1.3,1.9,0.679,0.6,3.8,4.4,4.2,1.6,0.9,0.4,0.2,3.0,1.6,10.8,3.7,24.7,6,1,1,1,1,1,1,1,1,1,1,1,1,1,1,1,1,1,1,1,1,1,1,1,1,1,1,1,1,1,1
5,Hedo Turkoglu,2010-11,ORL,56,36,20,0.643,34.1,4.2,9.4,0.448,1.5,3.8,0.404,1.4,2.1,0.667,0.4,4.1,4.6,5.1,1.8,1.0,0.4,0.1,3.0,1.8,11.4,5.9,26.7,5,1,12,9,10,8,3,6,7,3,5,7,5,8,8,13,13,3,4,1,5,2,5,15,2,6,6,2,3,2,2
6,Hedo Turkoglu,2010-11,PHX,25,12,13,0.48,25.2,3.4,7.7,0.44,1.6,3.9,0.423,1.0,1.4,0.722,0.8,3.2,4.0,2.3,1.2,0.7,0.6,0.4,3.1,1.4,9.5,-1.1,20.4,1,0,15,15,14,13,10,10,11,5,4,5,3,13,13,10,4,10,9,8,9,9,1,3,1,8,10,14,11,7,3
12,Jameer Nelson,2010-11,ORL,76,49,27,0.645,30.5,4.9,11.0,0.446,1.6,3.9,0.401,1.7,2.1,0.802,0.5,2.5,3.0,6.0,2.6,1.0,0.0,0.5,2.8,2.1,13.1,4.1,26.2,4,0,3,1,7,4,4,4,5,7,5,7,4,5,5,11,8,7,8,3,2,6,14,9,5,8,4,3,5,3,1
3,Jason Richardson,2010-11,TOT,80,47,33,0.588,33.9,5.9,13.2,0.447,2.4,6.0,0.395,1.5,2.0,0.73,0.8,3.3,4.1,1.8,1.2,1.2,0.2,0.4,2.0,1.5,15.6,3.3,26.1,1,0,1,1,2,1,1,2,2,2,1,1,2,2,2,2,2,2,2,2,2,1,2,2,2,2,2,1,2,1,1
4,Jason Richardson,2010-11,ORL,55,35,20,0.636,34.9,5.3,12.1,0.433,2.3,6.0,0.384,1.1,1.6,0.701,0.6,3.4,4.0,2.0,1.2,1.2,0.2,0.3,2.1,1.2,13.9,4.9,24.7,0,0,9,3,11,2,6,12,12,9,4,3,5,12,12,8,14,8,12,9,11,6,13,13,10,9,12,1,12,11,1
5,Jason Richardson,2010-11,PHX,25,12,13,0.48,31.8,7.3,15.6,0.47,2.5,5.9,0.419,2.2,2.9,0.764,1.3,3.1,4.4,1.4,1.2,1.1,0.1,0.4,1.8,2.1,19.3,-0.4,29.2,1,0,13,13,14,6,11,4,6,3,2,4,2,7,7,3,7,12,9,15,10,9,15,11,11,5,4,9,7,8,1
11,Ryan Anderson,2010-11,ORL,64,43,21,0.672,22.3,3.5,8.2,0.43,2.1,5.3,0.393,1.5,1.8,0.812,2.0,3.5,5.5,0.8,0.8,0.5,0.6,0.4,2.1,1.5,10.6,4.3,20.9,6,0,6,4,7,4,8,7,7,5,5,7,4,8,7,9,4,5,5,9,9,7,1,7,4,7,7,3,7,4,1
11,Andre Iguodala,2010-11,PHI,67,36,31,0.537,36.8,5.0,11.3,0.445,0.9,2.7,0.337,3.1,4.5,0.693,0.9,4.9,5.8,6.3,2.1,1.5,0.6,0.3,1.6,3.7,14.1,2.4,34.6,11,3,11,13,7,10,6,5,5,14,9,9,7,6,5,9,8,3,4,1,6,10,9,6,9,5,5,10,5,1,1
5,Elton Brand,2010-11,PHI,81,41,40,0.506,34.7,6.2,12.1,0.512,0.0,0.0,0.0,2.6,3.4,0.78,2.9,5.4,8.3,1.5,1.2,1.1,1.3,0.6,3.0,2.8,15.0,1.7,33.3,24,0,1,2,7,4,9,10,11,5,3,14,3,10,11,3,9,10,10,11,12,2,12,12,7,5,10,4,10,9,2
8,Jodie Meeks,2010-11,PHI,74,40,34,0.541,27.9,3.3,7.7,0.425,1.9,4.7,0.397,2.1,2.3,0.894,0.3,2.0,2.3,1.1,0.8,0.9,0.1,0.4,1.3,1.6,10.5,1.2,16.7,0,0,4,3,3,4,2,3,3,4,2,2,5,3,3,6,4,3,3,4,4,4,6,4,3,4,3,4,3,1,1
11,Jrue Holiday,2010-11,PHI,82,41,41,0.5,35.4,5.4,12.2,0.446,1.0,2.7,0.365,2.1,2.5,0.823,0.8,3.2,4.0,6.5,2.7,1.5,0.4,0.7,2.5,2.2,14.0,2.1,31.3,15,1,1,2,3,5,4,12,12,8,11,10,8,6,6,3,7,8,8,8,7,11,9,9,4,6,11,7,11,4,1
15,Lou Williams,2010-11,PHI,75,39,36,0.52,23.3,4.3,10.6,0.406,1.2,3.4,0.348,3.9,4.7,0.823,0.4,1.6,2.0,3.4,1.4,0.6,0.2,0.7,1.7,3.4,13.7,1.2,22.3,0,0,5,6,8,10,13,11,9,13,11,11,10,8,9,14,9,16,15,10,14,15,7,8,2,8,11,7,11,7,2
13,Thaddeus Young,2010-11,PHI,82,41,41,0.5,26.0,5.6,10.3,0.541,0.1,0.3,0.273,1.5,2.1,0.707,1.9,3.4,5.3,1.0,1.2,1.1,0.3,0.5,2.1,2.1,12.7,2.0,23.6,2,0,1,3,6,8,12,8,11,3,13,12,11,7,9,5,9,11,9,15,12,12,11,14,10,8,9,6,13,9,1
11,Channing Frye,2010-11,PHX,77,39,38,0.506,33.0,4.6,10.8,0.432,2.2,5.7,0.39,1.2,1.4,0.832,0.8,5.8,6.7,1.2,0.9,0.6,1.0,0.2,3.5,1.6,12.7,1.3,26.5,8,0,4,6,4,9,1,2,1,11,1,1,6,4,5,6,6,1,1,4,6,5,2,5,1,3,1,7,1,2,1
2,Grant Hill,2010-11,PHX,80,39,41,0.488,30.1,5.0,10.3,0.484,0.6,1.4,0.395,2.7,3.2,0.829,1.0,3.3,4.2,2.5,1.7,0.8,0.4,0.5,2.3,3.1,13.2,0.6,24.1,4,0,4,6,2,10,10,11,10,9,1,2,3,11,11,3,10,12,12,10,10,13,11,12,6,3,11,11,12,9,4
4,Hakim Warrick,2010-11,PHX,80,39,41,0.488,17.7,2.9,5.6,0.511,0.0,0.1,0.091,2.7,3.7,0.721,1.1,2.6,3.7,0.9,1.0,0.4,0.1,0.4,1.3,2.8,8.4,-2.3,14.6,3,0,3,2,4,2,7,6,7,2,5,4,5,4,3,6,6,5,5,3,7,6,8,6,8,5,6,5,6,4,1
10,Jared Dudley,2010-11,PHX,82,40,42,0.488,26.1,3.7,7.7,0.477,1.3,3.1,0.415,2.0,2.7,0.743,1.4,2.5,3.9,1.3,0.9,1.1,0.2,0.4,1.7,2.1,10.6,-0.4,20.2,2,0,1,3,4,9,3,3,3,4,3,5,4,1,1,5,3,4,3,10,5,1,4,5,9,2,3,11,3,2,1
8,Marcin Gortat,2010-11,TOT,80,43,37,0.538,25.4,4.2,7.5,0.561,0.0,0.1,0.25,1.8,2.4,0.725,1.9,6.0,7.9,0.9,1.0,0.5,1.1,0.7,2.4,2.3,10.2,0.3,24.7,24,0,1,1,1,1,1,1,1,1,1,1,1,1,1,1,1,1,1,1,1,1,1,1,1,1,1,1,1,1,1
9,Marcin Gortat,2010-11,PHX,55,27,28,0.491,29.8,5.3,9.5,0.563,0.0,0.1,0.25,2.3,3.2,0.731,2.0,7.3,9.3,1.0,1.2,0.5,1.3,0.9,2.5,2.9,13.0,0.2,29.9,23,0,10,9,8,11,7,5,4,5,1,1,3,2,2,1,8,2,5,8,8,5,6,1,4,2,4,9,4,5,1
10,Marcin Gortat,2010-11,ORL,25,16,9,0.64,15.9,1.8,3.2,0.543,0.0,0.0,0.0,0.5,0.7,0.667,1.5,3.2,4.7,0.7,0.7,0.3,0.8,0.3,2.1,0.8,4.0,0.5,13.4,1,0,12,12,12,4,10,10,10,7,4,10,4,11,11,8,10,10,10,10,10,10,9,10,9,13,10,7,10,10,1
3,Steve Nash,2010-11,PHX,75,39,36,0.52,33.3,5.3,10.8,0.492,1.1,2.7,0.395,3.0,3.3,0.912,0.5,2.9,3.5,11.4,3.5,0.6,0.1,0.2,1.2,3.0,14.7,3.8,34.6,41,0,9,12,1,13,9,10,11,9,13,12,15,5,5,7,9,4,4,3,5,13,14,14,17,3,10,8,6,6,4
9,Vince Carter,2010-11,TOT,73,38,35,0.521,28.1,5.3,12.2,0.437,1.6,4.4,0.361,1.8,2.4,0.74,0.7,3.0,3.8,2.0,1.2,0.9,0.3,0.5,2.6,2.2,14.0,1.7,23.9,2,0,2,2,2,1,2,2,2,2,2,1,2,2,2,2,2,2,2,2,2,2,2,2,2,1,2,1,2,2,1
10,Vince Carter,2010-11,PHX,51,25,26,0.49,27.2,5.2,12.3,0.422,1.7,4.8,0.366,1.4,1.9,0.735,0.8,2.8,3.6,1.6,1.1,0.9,0.3,0.5,2.4,2.0,13.5,-0.5,23.0,2,0,20,17,18,15,15,15,14,14,8,6,12,18,17,22,13,16,15,19,18,13,20,14,17,10,15,16,16,11,5
11,Vince Carter,2010-11,ORL,22,13,9,0.591,30.2,5.7,12.1,0.47,1.2,3.5,0.346,2.5,3.4,0.747,0.5,3.6,4.1,2.9,1.6,0.9,0.1,0.6,3.2,2.8,15.1,7.0,25.9,0,0,23,23,24,6,14,14,15,1,15,14,17,13,14,21,18,8,13,14,12,16,24,11,5,6,14,1,14,17,5
11,Andre Miller,2010-11,POR,81,47,34,0.58,32.7,4.8,10.4,0.46,0.0,0.5,0.108,3.1,3.6,0.853,1.2,2.5,3.7,7.0,2.4,1.4,0.1,0.7,2.1,2.8,12.7,3.1,29.9,11,0,10,4,9,8,11,11,12,12,17,14,19,10,11,1,6,12,11,6,11,6,9,15,12,7,12,3,11,9,7
13,LaMarcus Aldridge,2010-11,POR,81,48,33,0.593,39.6,8.7,17.5,0.5,0.0,0.3,0.174,4.3,5.5,0.791,3.4,5.3,8.8,2.1,1.9,1.0,1.2,0.7,2.7,4.9,21.8,3.5,40.1,36,0,1,5,4,10,1,5,5,8,11,10,13,2,1,13,1,8,5,7,3,1,8,1,5,1,4,8,4,4,1
11,Nicolas Batum,2010-11,POR,80,47,33,0.588,31.5,4.6,10.1,0.455,1.5,4.3,0.345,1.7,2.1,0.841,1.4,3.2,4.5,1.5,1.0,0.9,0.6,0.5,2.4,2.4,12.4,0.6,23.4,6,0,2,3,5,6,6,6,6,5,9,9,10,6,6,8,3,12,12,10,9,11,7,3,1,4,6,8,9,6,6
1,Rudy Fernandez,2010-11,POR,78,46,32,0.59,23.3,2.7,7.4,0.37,1.5,4.6,0.321,1.6,1.9,0.863,0.5,1.7,2.2,2.5,1.1,1.1,0.2,0.2,1.7,1.8,8.6,1.2,17.7,0,0,1,2,1,3,2,3,2,4,3,2,4,1,1,2,3,4,3,1,3,1,1,2,1,1,3,3,2,1,1
14,Wesley Matthews,2010-11,POR,82,48,34,0.585,33.6,5.4,11.9,0.449,1.9,4.6,0.407,3.2,3.8,0.844,0.6,2.6,3.1,2.0,1.7,1.2,0.1,0.8,2.4,3.2,15.9,1.9,25.0,1,0,1,4,6,6,8,3,3,3,10,11,1,1,1,5,6,6,5,9,1,4,15,2,3,2,3,6,4,1,1
12,Beno Udrih,2010-11,SAC,79,24,55,0.304,34.6,5.2,10.4,0.5,0.8,2.3,0.357,2.5,2.9,0.864,0.5,2.8,3.4,4.9,1.8,1.2,0.1,0.5,2.3,2.5,13.7,-3.4,27.2,4,0,2,7,2,13,1,2,3,2,2,2,8,1,1,5,4,1,1,2,4,1,6,4,2,1,1,14,1,2,2
5,Carl Landry,2010-11,TOT,76,25,51,0.329,26.4,4.5,9.0,0.502,0.0,0.1,0.0,2.8,3.8,0.74,2.2,2.4,4.6,0.8,1.4,0.5,0.4,0.7,2.6,3.2,11.9,-2.2,20.0,8,0,2,2,1,2,2,2,2,2,2,1,2,2,2,2,2,2,2,1,2,2,2,2,2,2,2,2,2,1,1
6,Carl Landry,2010-11,NOH,23,12,11,0.522,26.2,4.7,8.8,0.527,0.0,0.0,0.0,2.5,3.2,0.795,1.7,2.4,4.1,0.6,1.2,0.4,0.5,0.7,3.1,2.8,11.8,0.1,19.3,2,0,10,8,10,4,4,3,5,6,5,5,5,6,6,7,8,8,8,7,6,4,3,6,2,6,5,4,6,7,1
7,Carl Landry,2010-11,SAC,53,13,40,0.245,26.5,4.5,9.1,0.492,0.0,0.1,0.0,2.9,4.1,0.721,2.4,2.4,4.8,0.9,1.5,0.6,0.4,0.7,2.4,3.3,11.9,-3.1,20.3,6,0,4,6,2,10,3,4,3,11,5,4,5,4,4,10,1,10,7,1,4,2,6,4,5,4,4,9,4,2,1
14,DeMarcus Cousins,2010-11,SAC,81,23,58,0.284,28.5,5.3,12.4,0.43,0.0,0.2,0.167,3.4,5.0,0.687,2.7,6.0,8.6,2.5,3.3,1.0,0.8,1.4,4.1,4.6,14.1,-3.3,30.6,26,0,1,5,1,13,9,10,9,12,10,10,11,10,9,12,5,11,9,9,7,10,9,6,2,10,10,12,10,8,6
7,Jason Thompson,2010-11,SAC,75,24,51,0.32,23.3,3.6,7.1,0.507,0.0,0.0,0.0,1.6,2.7,0.605,1.9,4.1,6.1,1.2,1.3,0.4,0.6,0.6,2.8,2.5,8.8,-1.9,19.4,9,0,5,4,6,7,7,5,4,2,3,4,3,5,4,7,5,7,7,3,3,8,8,5,5,4,5,4,5,5,1
11,Omri Casspi,2010-11,SAC,71,17,54,0.239,24.0,3.2,7.7,0.412,1.3,3.5,0.372,1.0,1.4,0.673,1.0,3.3,4.3,1.0,1.0,0.8,0.2,0.3,1.6,1.3,8.6,-1.9,17.2,4,0,2,7,1,9,3,4,4,10,3,3,6,7,7,5,1,3,3,6,7,3,8,9,6,7,5,8,3,2,1
4,Samuel Dalembert,2010-11,SAC,80,22,58,0.275,24.2,3.4,7.1,0.473,0.0,0.0,0.0,1.4,1.9,0.73,2.7,5.6,8.2,0.8,1.7,0.5,1.5,0.4,2.8,1.6,8.1,-3.2,23.2,16,0,6,10,1,12,8,5,3,11,2,1,2,6,6,5,4,6,5,2,3,9,9,5,8,4,5,12,7,4,1
10,Tyreke Evans,2010-11,SAC,57,18,39,0.316,37.0,6.7,16.4,0.409,0.8,2.6,0.291,3.6,4.7,0.771,0.8,4.0,4.8,5.6,3.2,1.5,0.5,1.2,2.5,3.5,17.8,-3.5,34.8,6,0,7,8,5,8,2,3,1,9,7,7,8,2,2,7,7,5,5,4,1,2,1,4,3,2,3,8,4,5,4
5,DeJuan Blair,2010-11,SAS,81,60,21,0.741,21.4,3.6,7.2,0.501,0.0,0.0,0.0,1.1,1.7,0.657,2.7,4.3,7.0,1.0,1.4,1.2,0.5,0.8,2.6,1.5,8.3,1.7,21.8,17,0,2,1,3,2,1,2,2,5,1,3,1,2,3,2,1,1,1,2,2,1,1,2,2,3,2,1,1,1,1
10,Gary Neal,2010-11,SAS,80,59,21,0.738,21.1,3.6,7.9,0.451,1.6,3.9,0.419,1.1,1.3,0.808,0.3,2.2,2.5,1.2,1.0,0.3,0.1,0.2,1.9,1.1,9.8,1.1,14.7,0,0,1,1,4,2,6,7,8,2,1,1,2,7,7,8,4,2,2,7,6,7,1,8,1,6,5,3,7,1,1
17,George Hill,2010-11,SAS,76,56,20,0.737,28.3,3.8,8.3,0.453,1.0,2.7,0.377,3.1,3.6,0.863,0.3,2.3,2.6,2.5,1.3,0.9,0.3,0.5,2.0,2.9,11.6,3.7,20.7,0,0,3,1,7,3,7,8,7,8,11,12,9,2,2,2,17,8,12,13,7,10,8,5,8,3,7,9,8,5,2
7,Manu Ginobili,2010-11,SAS,80,61,19,0.763,30.3,5.5,12.7,0.433,1.9,5.5,0.349,4.5,5.1,0.871,0.5,3.2,3.7,4.9,2.2,1.5,0.4,0.6,2.0,4.8,17.4,6.8,32.7,0,0,1,1,7,5,2,2,2,12,2,1,11,3,4,3,10,6,7,2,5,4,7,3,9,2,2,3,2,10,1
9,Richard Jefferson,2010-11,SAS,81,60,21,0.741,30.4,3.8,7.9,0.474,1.7,3.8,0.44,1.8,2.4,0.759,0.7,3.2,3.8,1.3,1.1,0.5,0.4,0.3,2.0,2.0,11.0,3.6,19.1,1,0,5,1,14,1,9,9,10,4,2,2,1,10,10,6,10,8,9,13,10,13,5,12,11,6,9,4,10,9,2
5,Tim Duncan,2010-11,SAS,76,60,16,0.789,28.4,5.5,11.0,0.5,0.0,0.1,0.0,2.4,3.4,0.716,2.2,6.7,8.9,2.7,1.6,0.7,1.9,0.6,1.6,2.5,13.4,6.0,34.3,27,1,10,2,15,2,17,17,17,10,13,16,13,18,18,8,14,18,18,16,18,15,14,19,19,10,18,12,18,17,1
8,Tony Parker,2010-11,SAS,78,60,18,0.769,32.4,7.1,13.7,0.519,0.3,0.9,0.357,3.0,3.9,0.769,0.4,2.7,3.1,6.6,2.6,1.2,0.0,1.0,1.7,3.1,17.5,3.9,32.1,9,0,4,2,14,3,9,7,8,4,10,14,5,8,9,7,8,7,7,4,6,3,15,3,7,8,7,12,4,4,2
8,Amir Johnson,2010-11,TOR,72,20,52,0.278,25.7,3.9,6.9,0.568,0.0,0.0,0.0,1.8,2.2,0.788,2.6,3.8,6.4,1.1,1.0,0.7,1.2,0.7,3.7,2.2,9.6,-1.8,23.8,11,0,8,12,1,14,4,4,4,8,10,12,10,1,2,2,2,6,3,9,9,2,4,2,2,1,3,13,3,3,1
5,Andrea Bargnani,2010-11,TOR,66,19,47,0.288,35.7,8.0,17.8,0.448,1.2,3.4,0.345,4.3,5.3,0.82,1.1,4.1,5.2,1.8,2.3,0.5,0.7,0.7,2.4,4.5,21.4,-4.8,31.7,2,0,4,5,2,7,1,1,1,5,4,6,5,2,2,8,3,4,5,2,1,3,6,1,5,2,1,9,1,4,1
11,DeMar DeRozan,2010-11,TOR,82,22,60,0.268,34.8,6.6,14.1,0.467,0.1,0.6,0.096,4.0,4.9,0.813,0.9,2.9,3.8,1.8,1.8,1.0,0.4,1.1,2.6,3.7,17.2,-5.0,27.0,1,0,1,12,1,13,8,11,12,6,12,10,13,12,12,11,2,11,11,12,12,7,2,7,2,12,11,13,11,9,2
10,Jerryd Bayless,2010-11,TOT,71,25,46,0.352,21.1,3.1,7.3,0.422,0.7,2.1,0.336,2.3,2.9,0.806,0.4,2.0,2.3,3.7,1.8,0.5,0.1,0.6,2.1,2.4,9.2,-4.0,17.6,2,0,2,1,2,1,2,2,2,1,2,2,2,1,1,1,1,1,1,1,1,2,2,1,2,1,2,2,1,1,1
11,Jerryd Bayless,2010-11,TOR,60,15,45,0.25,22.4,3.4,7.8,0.429,0.8,2.2,0.348,2.6,3.2,0.81,0.4,2.1,2.5,4.0,1.8,0.6,0.1,0.6,2.2,2.6,10.0,-4.8,19.1,2,0,4,7,1,12,6,5,5,1,8,8,7,3,3,6,3,4,4,2,2,7,10,3,4,1,5,12,4,1,1
12,Jerryd Bayless,2010-11,NOH,11,10,1,0.909,13.5,1.5,4.5,0.347,0.3,1.3,0.214,1.2,1.5,0.765,0.2,1.2,1.4,2.5,1.5,0.2,0.1,0.6,1.5,1.3,4.5,0.1,9.3,0,0,12,11,13,1,12,12,12,12,12,11,13,11,9,12,12,12,12,9,5,12,8,2,12,11,12,2,12,5,1
12,Jose Calderon,2010-11,TOR,68,18,50,0.265,30.9,3.9,8.8,0.44,0.8,2.3,0.365,1.3,1.5,0.854,0.4,2.5,3.0,8.9,2.2,1.2,0.1,0.4,2.1,1.4,9.8,-2.5,28.5,12,0,5,9,1,13,4,8,5,11,10,9,11,4,4,10,3,4,3,2,1,1,3,2,1,6,8,11,3,3,2
8,Leandro Barbosa,2010-11,TOR,58,17,41,0.293,24.0,5.1,11.3,0.45,1.2,3.7,0.338,1.9,2.4,0.796,0.2,1.5,1.7,2.1,1.4,0.9,0.1,0.7,1.9,2.1,13.3,-2.5,19.8,0,0,9,12,3,15,5,4,3,8,5,3,13,5,5,9,13,8,11,6,5,6,12,1,7,4,4,15,5,2,1
7,Al Jefferson,2010-11,UTA,82,39,43,0.476,35.9,8.0,16.1,0.496,0.0,0.0,0.0,2.7,3.5,0.761,2.9,6.8,9.7,1.8,1.3,0.6,1.9,1.1,2.9,3.1,18.6,-2.0,39.0,37,0,1,2,4,7,2,5,5,10,5,13,5,4,5,5,4,9,5,4,7,10,1,4,2,4,5,10,5,4,1
3,Andrei Kirilenko,2010-11,UTA,64,33,31,0.516,31.2,4.0,8.5,0.467,0.6,1.5,0.367,3.3,4.2,0.77,1.6,3.5,5.1,3.0,1.8,1.3,1.2,0.6,1.8,3.1,11.7,-0.5,27.8,4,0,8,9,5,10,5,6,6,8,3,7,2,7,7,6,8,5,6,5,7,8,9,5,9,4,7,11,8,6,3
12,CJ Miles,2010-11,UTA,78,36,42,0.462,25.2,4.7,11.5,0.407,1.4,4.3,0.322,2.0,2.5,0.811,0.7,2.6,3.3,1.7,1.2,0.9,0.5,0.6,2.8,2.1,12.8,0.7,22.5,0,0,1,6,2,11,2,2,2,8,8,7,11,1,1,7,2,3,1,1,2,2,1,1,2,1,2,8,1,3,1
8,Deron Williams,2010-11,TOT,65,33,32,0.508,37.9,6.6,15.0,0.439,1.6,4.9,0.331,5.4,6.3,0.845,0.6,3.4,4.0,10.3,3.5,1.2,0.2,0.9,2.9,5.2,20.1,-1.8,41.1,34,0,1,1,2,1,1,1,1,1,1,1,2,1,1,1,1,1,1,1,1,1,1,1,1,1,1,2,1,1,1
9,Deron Williams,2010-11,NJN,12,4,8,0.333,38.0,4.9,14.1,0.349,1.3,4.9,0.271,3.8,4.8,0.793,0.7,3.9,4.6,12.8,3.6,1.3,0.3,1.2,3.2,4.2,15.0,-5.8,40.5,7,0,14,14,14,14,1,10,5,14,7,3,14,7,6,12,1,1,1,1,2,3,5,1,2,6,8,14,2,9,1
10,Deron Williams,2010-11,UTA,53,29,24,0.547,37.9,7.0,15.2,0.458,1.7,4.9,0.345,5.7,6.7,0.853,0.6,3.3,3.9,9.7,3.5,1.2,0.2,0.9,2.9,5.5,21.3,-0.9,41.3,27,0,11,10,12,7,2,2,2,5,3,4,9,1,1,3,3,3,3,5,3,5,8,5,4,1,1,9,1,5,1
11,Paul Millsap,2010-11,UTA,76,36,40,0.474,34.3,6.9,13.0,0.531,0.1,0.3,0.391,3.4,4.4,0.757,2.2,5.5,7.6,2.5,1.9,1.4,0.9,0.9,3.6,3.5,17.3,0.2,35.0,19,0,6,11,1,16,1,1,5,3,11,12,2,6,6,4,8,6,7,7,6,5,8,4,2,7,3,14,6,5,2
3,Andray Blatche,2010-11,WAS,64,21,43,0.328,33.9,6.7,15.0,0.445,0.1,0.3,0.222,3.4,4.4,0.777,2.9,5.4,8.2,2.3,2.7,1.5,0.8,1.2,2.8,3.6,16.8,-3.8,34.3,17,0,6,6,3,6,1,1,1,6,7,6,7,1,1,2,1,1,1,1,1,1,4,1,3,1,1,8,1,1,1
17,JaVale McGee,2010-11,WAS,79,23,56,0.291,27.8,4.2,7.6,0.55,0.0,0.0,0.0,1.7,2.9,0.583,2.8,5.2,8.0,0.5,1.3,0.5,2.4,0.5,2.9,2.6,10.1,-2.9,28.0,21,1,1,7,2,12,1,4,3,10,6,8,6,1,1,12,2,2,2,7,6,4,2,5,3,1,4,13,3,1,1
9,John Wall,2010-11,WAS,69,19,50,0.275,37.8,5.8,14.1,0.409,0.5,1.7,0.296,4.4,5.7,0.766,0.5,4.1,4.6,8.3,3.8,1.8,0.5,1.2,2.5,4.7,16.4,-6.4,37.4,26,1,5,8,1,10,1,9,9,9,8,8,8,4,5,7,6,3,3,7,6,4,9,1,2,4,9,10,8,5,3
10,Nick Young,2010-11,WAS,64,14,50,0.219,31.8,6.4,14.6,0.441,1.6,4.2,0.387,2.9,3.6,0.816,0.4,2.3,2.7,1.2,1.4,0.7,0.3,0.5,2.3,2.7,17.4,-4.4,23.9,0,0,5,8,2,12,1,1,2,2,5,6,4,3,2,10,6,1,1,3,3,3,3,3,4,2,2,12,2,1,1
